{
  "checkpoint": "/home/ruvultra/wiflow-std-bench/upstream/test/best_pose_model.pth",
  "test_full": {
    "samples": 54000,
    "mpjpe": 0.009834060806367133,
    "pck@10": 0.8686346120127925,
    "pck@20": 0.9608815324571398,
    "pck@30": 0.9789111610695168,
    "pck@40": 0.9857975759682832,
    "pck@50": 0.9898827553325229
  },
  "test_clean": {
    "samples": 52560,
    "mpjpe": 0.009432755044379373,
    "pck@10": 0.876996495807189,
    "pck@20": 0.9661454100405608,
    "pck@30": 0.9823453060205306,
    "pck@40": 0.987909734176537,
    "pck@50": 0.9911238361167036
  }
}