{
  "kind": "count",
  "model": "v2/crates/cog-person-count/cog/artifacts/count_v1.safetensors",
  "n_samples": 128,
  "saliency_per_subcarrier": [
    0.0022704999428242445,
    0.003454199293628335,
    0.008727867156267166,
    0.006414174102246761,
    0.007945921272039413,
    0.005371364764869213,
    0.002526703756302595,
    0.003480477025732398,
    0.0029449211433529854,
    0.0013240973930805922,
    0.008836368098855019,
    0.0049454583786427975,
    0.003213808871805668,
    0.0017830731812864542,
    0.0015325949061661959,
    0.00322981970384717,
    0.00265303160995245,
    0.0015145435463637114,
    0.004348318092525005,
    0.003088578814640641,
    0.007093404419720173,
    0.00518156960606575,
    0.004933001007884741,
    0.0023939507082104683,
    0.004226110875606537,
    0.004997228272259235,
    0.0018603518838062882,
    0.0030096496921032667,
    0.0012774590868502855,
    0.0014232051325961947,
    0.009996140375733376,
    0.009672785177826881,
    0.0048093050718307495,
    0.0034254370257258415,
    0.002622435335069895,
    0.00878047849982977,
    0.006196534726768732,
    0.004779303912073374,
    0.008283626288175583,
    0.002107388572767377,
    0.004639340564608574,
    0.01281243097037077,
    0.001995982602238655,
    0.0019312826916575432,
    0.004808980971574783,
    0.0033761016093194485,
    0.0031302704010158777,
    0.0016994723118841648,
    0.004999841097742319,
    0.006001387722790241,
    0.00319978641346097,
    0.004073913209140301,
    0.011981681920588017,
    0.002540081739425659,
    0.0021413916256278753,
    0.005799528677016497
  ],
  "ranking_high_to_low": [
    41,
    52,
    30,
    31,
    10,
    35,
    2,
    38,
    4,
    20,
    3,
    36,
    49,
    55,
    5,
    21,
    48,
    25,
    11,
    22,
    32,
    44,
    37,
    40,
    18,
    24,
    51,
    7,
    1,
    33,
    45,
    15,
    12,
    50,
    46,
    19,
    27,
    8,
    16,
    34,
    53,
    6,
    23,
    0,
    54,
    39,
    42,
    43,
    26,
    13,
    47,
    14,
    17,
    29,
    9,
    28
  ],
  "top_k_subcarriers": {
    "8": [
      41,
      52,
      30,
      31,
      10,
      35,
      2,
      38
    ],
    "16": [
      41,
      52,
      30,
      31,
      10,
      35,
      2,
      38,
      4,
      20,
      3,
      36,
      49,
      55,
      5,
      21
    ],
    "32": [
      41,
      52,
      30,
      31,
      10,
      35,
      2,
      38,
      4,
      20,
      3,
      36,
      49,
      55,
      5,
      21,
      48,
      25,
      11,
      22,
      32,
      44,
      37,
      40,
      18,
      24,
      51,
      7,
      1,
      33,
      45,
      15
    ]
  },
  "saliency_summary": {
    "min": 0.0012774590868502855,
    "max": 0.01281243097037077,
    "mean": 0.004496547522389197,
    "std": 0.002736047675826084,
    "max_to_mean_ratio": 2.8493929857463196
  }
}