{
  "summary": {
    "n_scenarios": 3,
    "n_detected": 3,
    "detection_rate": 1.0
  },
  "scenarios": {
    "replay": {
      "mode": "replay",
      "n_honest": 4,
      "adv_idx": 4,
      "sim_matrix": [
        [
          0.0,
          0.9218999743461609,
          0.9277999997138977,
          0.9269000291824341,
          0.863099992275238
        ],
        [
          0.9218999743461609,
          0.0,
          0.9218999743461609,
          0.9254000186920166,
          0.8618999719619751
        ],
        [
          0.9277999997138977,
          0.9218999743461609,
          0.0,
          0.9291999936103821,
          0.8615999817848206
        ],
        [
          0.9269000291824341,
          0.9254000186920166,
          0.9291999936103821,
          0.0,
          0.864799976348877
        ],
        [
          0.863099992275238,
          0.8618999719619751,
          0.8615999817848206,
          0.864799976348877,
          0.0
        ]
      ],
      "mincut_value": 3.451315999031067,
      "partition_b": [
        4
      ],
      "adv_isolated": true
    },
    "shift": {
      "mode": "shift",
      "n_honest": 4,
      "adv_idx": 4,
      "sim_matrix": [
        [
          0.0,
          0.9218999743461609,
          0.9277999997138977,
          0.9269000291824341,
          0.8944000005722046
        ],
        [
          0.9218999743461609,
          0.0,
          0.9218999743461609,
          0.9254000186920166,
          0.8917999863624573
        ],
        [
          0.9277999997138977,
          0.9218999743461609,
          0.0,
          0.9291999936103821,
          0.8942999839782715
        ],
        [
          0.9269000291824341,
          0.9254000186920166,
          0.9291999936103821,
          0.0,
          0.8917999863624573
        ],
        [
          0.8944000005722046,
          0.8917999863624573,
          0.8942999839782715,
          0.8917999863624573,
          0.0
        ]
      ],
      "mincut_value": 3.5724358558654785,
      "partition_b": [
        4
      ],
      "adv_isolated": true
    },
    "noise": {
      "mode": "noise",
      "n_honest": 4,
      "adv_idx": 4,
      "sim_matrix": [
        [
          0.0,
          0.9218999743461609,
          0.9277999997138977,
          0.9269000291824341,
          0.6425999999046326
        ],
        [
          0.9218999743461609,
          0.0,
          0.9218999743461609,
          0.9254000186920166,
          0.6444000005722046
        ],
        [
          0.9277999997138977,
          0.9218999743461609,
          0.0,
          0.9291999936103821,
          0.6389999985694885
        ],
        [
          0.9269000291824341,
          0.9254000186920166,
          0.9291999936103821,
          0.0,
          0.6326000094413757
        ],
        [
          0.6425999999046326,
          0.6444000005722046,
          0.6389999985694885,
          0.6326000094413757,
          0.0
        ]
      ],
      "mincut_value": 2.5585585832595825,
      "partition_b": [
        4
      ],
      "adv_isolated": true
    }
  }
}