{
  "model": "first-Fresnel-zone ellipsoid + per-subcarrier path-delta forward model",
  "constants": {
    "c_mps": 299800000.0
  },
  "scenarios": [
    {
      "name": "human-standing-at-midpoint",
      "link_m": 5.0,
      "scatterer_offset_m": 0.1,
      "scatterer_position_m": 2.5,
      "freq_2.4_GHz": {
        "first_fresnel_radius_m": 0.39515292398428903,
        "zone": "zone-1",
        "path_delta_m": 0.003998401278721531,
        "phase_rad_per_subcarrier": [
          0.20043478616963525,
          0.2004609731027643,
          0.20048716003589334,
          0.20051334696902237,
          0.2005395339021514,
          0.20056572083528046,
          0.2005919077684095,
          0.20061809470153852,
          0.20064428163466755,
          0.2006704685677966,
          0.2006966555009256,
          0.20072284243405467,
          0.2007490293671837,
          0.2007752163003127,
          0.20080140323344178,
          0.2008275901665708,
          0.20085377709969982,
          0.20087996403282884,
          0.20090615096595793,
          0.20093233789908693,
          0.20095852483221596,
          0.20098471176534502,
          0.20101089869847405,
          0.20103708563160308,
          0.20106327256473214,
          0.20108945949786114,
          0.2011156464309902,
          0.20114183336411923,
          0.20116802029724826,
          0.2011942072303773,
          0.20122039416350632,
          0.20124658109663537,
          0.2012727680297644,
          0.20129895496289343,
          0.20132514189602246,
          0.20135132882915152,
          0.20137751576228052,
          0.20140370269540958,
          0.2014298896285386,
          0.20145607656166764,
          0.20148226349479667,
          0.20150845042792573,
          0.20153463736105473,
          0.20156082429418376,
          0.20158701122731285,
          0.20161319816044185,
          0.20163938509357088,
          0.20166557202669994,
          0.20169175895982897,
          0.201717945892958,
          0.20174413282608702,
          0.20177031975921605
        ],
        "phase_rad_min": 0.20043478616963525,
        "phase_rad_max": 0.20177031975921605,
        "phase_rad_spread": 0.0013355335895808007,
        "phase_wraps": 0
      },
      "freq_5.0_GHz": {
        "first_fresnel_radius_m": 0.27376997644007645,
        "zone": "zone-1",
        "path_delta_m": 0.003998401278721531,
        "phase_rad_per_subcarrier": [
          0.41831006980320795,
          0.41833625673633695,
          0.41836244366946607,
          0.41838863060259507,
          0.4184148175357241,
          0.4184410044688532,
          0.4184671914019822,
          0.4184933783351112,
          0.4185195652682403,
          0.4185457522013693,
          0.4185719391344983,
          0.41859812606762736,
          0.41862431300075637,
          0.4186504999338854,
          0.4186766868670145,
          0.41870287380014354,
          0.41872906073327254,
          0.4187552476664016,
          0.4187814345995306,
          0.4188076215326596,
          0.41883380846578866,
          0.4188599953989178,
          0.4188861823320468,
          0.4189123692651758,
          0.41893855619830483,
          0.41896474313143384,
          0.4189909300645629,
          0.4190171169976919,
          0.41904330393082095,
          0.41906949086395,
          0.41909567779707907,
          0.41912186473020807,
          0.4191480516633371,
          0.41917423859646613,
          0.41920042552959513,
          0.4192266124627242,
          0.41925279939585325,
          0.41927898632898225,
          0.4193051732621113,
          0.41933136019524037,
          0.41935754712836937,
          0.4193837340614984,
          0.4194099209946275,
          0.4194361079277565,
          0.4194622948608855,
          0.41948848179401454,
          0.41951466872714355,
          0.4195408556602726,
          0.4195670425934017,
          0.4195932295265307,
          0.4196194164596597,
          0.4196456033927888
        ],
        "phase_rad_min": 0.41831006980320795,
        "phase_rad_max": 0.4196456033927888,
        "phase_rad_spread": 0.0013355335895808285,
        "phase_wraps": 0
      }
    },
    {
      "name": "human-walking-into-fresnel",
      "link_m": 5.0,
      "scatterer_offset_m": 0.25,
      "scatterer_position_m": 2.5,
      "freq_2.4_GHz": {
        "first_fresnel_radius_m": 0.39515292398428903,
        "zone": "zone-1",
        "path_delta_m": 0.024937810560444973,
        "phase_rad_per_subcarrier": [
          1.2501008225017065,
          1.2502641489744661,
          1.2504274754472258,
          1.2505908019199852,
          1.250754128392745,
          1.2509174548655044,
          1.2510807813382638,
          1.2512441078110232,
          1.251407434283783,
          1.2515707607565425,
          1.2517340872293021,
          1.2518974137020618,
          1.2520607401748214,
          1.2522240666475808,
          1.2523873931203406,
          1.2525507195930998,
          1.2527140460658595,
          1.2528773725386189,
          1.2530406990113787,
          1.2532040254841381,
          1.2533673519568977,
          1.2535306784296574,
          1.253694004902417,
          1.2538573313751764,
          1.254020657847936,
          1.2541839843206957,
          1.254347310793455,
          1.2545106372662147,
          1.2546739637389743,
          1.254837290211734,
          1.2550006166844934,
          1.2551639431572532,
          1.2553272696300126,
          1.2554905961027722,
          1.2556539225755317,
          1.2558172490482913,
          1.2559805755210507,
          1.2561439019938105,
          1.25630722846657,
          1.2564705549393296,
          1.256633881412089,
          1.2567972078848488,
          1.2569605343576082,
          1.2571238608303679,
          1.2572871873031273,
          1.257450513775887,
          1.2576138402486463,
          1.2577771667214062,
          1.2579404931941656,
          1.2581038196669252,
          1.2582671461396846,
          1.2584304726124445
        ],
        "phase_rad_min": 1.2501008225017065,
        "phase_rad_max": 1.2584304726124445,
        "phase_rad_spread": 0.00832965011073794,
        "phase_wraps": 0
      },
      "freq_5.0_GHz": {
        "first_fresnel_radius_m": 0.27376997644007645,
        "zone": "zone-1",
        "path_delta_m": 0.024937810560444973,